City,Latitude,Longitude,State
Kakinada,16.9437385,82.2350607,Andhra Pradesh
Vizianagaram,18.1139259,83.3979562,Andhra Pradesh
Anakapalli,18.7805543,84.5171276,Andhra Pradesh
Visakhapatnam,17.7231276,83.3012842,Andhra Pradesh
Srikakulam,18.2949307,83.8938844,Andhra Pradesh
Eluru,16.7104257,81.1153816,Andhra Pradesh
NTR,13.8469554,45.2406585,Andhra Pradesh
Krishna,19.994926,77.2208619,Andhra Pradesh
Guntur,16.2915189,80.4541588,Andhra Pradesh
Bapatla,15.9052608,80.4680501,Andhra Pradesh
Kurnool,15.8309251,78.0425373,Andhra Pradesh
Prakasam,17.5184713,78.4252651,Andhra Pradesh
Nandyal,15.4736293,78.4806592,Andhra Pradesh
Annamayya,14.4295461,79.976088,Andhra Pradesh
Chittoor,13.2161224,79.0972819,Andhra Pradesh
Anantapur,14.6783221,77.6065039,Andhra Pradesh
Tawang,27.5879186,91.863733,Arunachal Pradesh
Tirupati,13.6316368,79.4231711,Andhra Pradesh
Siang,-6.0172085,146.9508128,Arunachal Pradesh
Namsai,27.6658391,95.861432,Arunachal Pradesh
Tirap,27.2973854,95.7677387,Arunachal Pradesh
Changlang,27.1398402,95.7382485,Arunachal Pradesh
Kamle,27.629,84.7645667,Arunachal Pradesh
Longding,26.8872823,95.320301,Arunachal Pradesh
Bajali,54.378994,26.308968,Assam
Baksa,48.2232612,21.0295939,Assam
Barpeta,26.3257824,91.0075712,Assam
Bongaigaon,26.4800126,90.5580387,Assam
Biswanath,24.8544584,91.7441956,Assam
Cachar,44.1149502,3.8724893,Assam
Chirang,24.6335767,90.8523224,Assam
Dhemaji,27.4763797,94.5629622,Assam
Dhubri,26.0186768,89.9857236,Assam
Dibrugarh,27.4844597,94.9019447,Assam
Goalpara,26.1783623,90.6226683,Assam
Hojai,26.0031945,92.8522896,Assam
Hailakandi,24.6847623,92.5645005,Assam
Golaghat,26.5108262,93.9743686,Assam
Jorhat,26.7577925,94.2079645,Assam
Karimganj,24.8647214,92.3681114,Assam
Kokrajhar,26.4003745,90.2710412,Assam
Lakhimpur,27.946309,80.7815166,Assam
Majuli,49.87587,23.085369,Assam
Nagaon,26.3482238,92.6858215,Assam
Nalbari,26.445568,91.4354335,Assam
Sivasagar,26.9834936,94.6394226,Assam
Tinsukia,27.4879722,95.3601855,Assam
Udalguri,26.7503815,92.0977245,Assam
Tamulpur,26.6108401,91.5761562,Assam
Patna,25.6093239,85.1235252,Bihar
Nalanda,7.6663756,80.6365641,Bihar
Bhojpur,27.1879842,87.04984432,Bihar
Rohtas,24.6342713,83.9639504,Bihar
Kaimur,26.5635459,78.9191294,Bihar
Buxar,25.5716195,83.9729568,Bihar
Muzaffarpur,26.1182898,85.3857888,Bihar
Vaishali,25.9792433,85.1262924,Bihar
Sitamarhi,26.5876547,85.5056744,Bihar
Sheohar,26.5139825,85.2929878,Bihar
Saran,47.9494039,1.8764209,Bihar
Siwan,26.2184558,84.3585062,Bihar
Gopalganj,26.4645422,84.4433697,Bihar
Darbhanga,26.156999,85.8995065,Bihar
Samastipur,25.8596845,85.7839038,Bihar
Saharsa,25.8758962,86.5926702,Bihar
Madhubani,26.79861145,85.40837941,Bihar
Supaul,26.1186598,86.6008021,Bihar
Madhepura,25.9174142,86.7915907,Bihar
Purnia,25.7773601,87.4731227,Bihar
Araria,26.1346459,87.4654062,Bihar
Kishanganj,26.1014194,87.9507791,Bihar
Katihar,25.5433817,87.5690417,Bihar
Bhagalpur,25.2494829,86.9828131,Bihar
Sheikhpura,25.139584,85.8381996,Bihar
Lakhisarai,25.176771,86.0931767,Bihar
Munger,25.3773519,86.4731039,Bihar
Banka,43.1278266,-1.3728388,Bihar
Jamui,24.9275595,86.2254945,Bihar
Khagaria,25.5112455,86.4756555,Bihar
Begusarai,25.4138614,86.1348858,Bihar
Gaya,24.7964355,85.0079563,Bihar
Nawada,24.893152,85.5451599,Bihar
Aurangabad,19.877263,75.3390241,Bihar
Jehanabad,25.2113384,84.9873701,Bihar
Arwal,25.24324,84.662895,Bihar
Balod,27.1961862,76.086545,Chhattisgarh
Balrampur,27.4295126,82.1854602,Chhattisgarh
Bemetara,21.7140465,81.535504,Chhattisgarh
Bastar,19.2092928,81.9326448,Chhattisgarh
Bijapur,18.7935679,80.815939,Chhattisgarh
Bilaspur,22.0785627,82.1476475,Himachal Pradesh
Durg,21.1896499,81.2851077,Chhattisgarh
Gariaband,20.633566,82.0635429,Chhattisgarh
Jashpur,22.8881481,84.1391879,Chhattisgarh
Korba,36.5728862,10.857624,Chhattisgarh
Kondagaon,19.5885769,81.6628742,Chhattisgarh
Mahasamund,21.1101022,82.0986634,Chhattisgarh
Koriya,42.8292689,23.4161655,Chhattisgarh
Mungeli,22.0661098,81.6874282,Chhattisgarh
Raipur,21.2380912,81.6336993,Chhattisgarh
Raigarh,21.897618,83.3965501,Chhattisgarh
Narayanpur,26.96392335,93.82558574,Chhattisgarh
Rajnandgaon,21.0964906,81.029154,Chhattisgarh
Sakti,-8.7060094,115.4819099,Chhattisgarh
Sukma,18.3932222,81.6569457,Chhattisgarh
Surajpur,23.212528,82.8667246,Chhattisgarh
Amreli,21.5981407,71.2102139,Gujarat
Ahmedabad,23.0216238,72.5797068,Gujarat
Anand,22.5584995,72.9625629,Gujarat
Bhavnagar,21.7718836,72.1416449,Gujarat
Botad,22.1686,71.6685,Gujarat
Bharuch,21.7080427,72.9956936,Gujarat
Aravalli,16.6299629,81.6057455,Gujarat
Dahod,22.8358542,74.2556782,Gujarat
Dang,23.3780516,110.910308,Gujarat
Gandhinagar,23.2232877,72.6492267,Gujarat
Jamnagar,22.4732415,70.0552102,Gujarat
Junagadh,21.5174104,70.4642754,Gujarat
Kheda,22.7507759,72.6847314,Gujarat
Kutch,38.910548,-103.8693974,Gujarat
Mehsana,23.6015557,72.3867981,Gujarat
Morbi,22.8176662,70.8345928,Gujarat
Narmada,-8.5939774,116.2028434,Gujarat
Navsari,20.952407,72.9323831,Gujarat
Patan,29.450609,80.58243009,Gujarat
Porbandar,21.6409,69.611,Gujarat
Rajkot,22.3053263,70.8028377,Gujarat
Tapi,40.794977,19.8856811,Gujarat
Surendranagar,13.8467038,79.5824547,Gujarat
Surat,45.9383,3.2553,Gujarat
Vadodara,22.2973142,73.1942567,Gujarat
Valsad,20.6067767,72.9272881,Gujarat
Ambala,30.3843674,76.770421,Haryana
Bhiwani,28.7931703,76.1391283,Haryana
Gurugram,28.4646148,77.0299194,Haryana
Charkhi Dadri,28.5919933,76.2719817,Haryana
Faridabad,28.4031478,77.3105561,Haryana
Fatehabad,29.5104313,75.4535276,Haryana
Hisar,29.1562688,75.7292303,Haryana
Jhajjar,28.6066833,76.6580764,Haryana
Jind,29.3140427,76.3179488,Haryana
Kaithal,29.7996588,76.3989903,Haryana
Karnal,29.6803266,76.9896254,Haryana
Kurukshetra,29.9693747,76.8482787,Haryana
Mahendragarh,28.265912,76.1514755,Haryana
Nuh,40.290695,31.770628,Haryana
Palwal,28.1405741,77.3259802,Haryana
Panchkula,30.6975401,76.8551066,Haryana
Rewari,28.1956468,76.6165179,Haryana
Panipat,29.3912753,76.9771675,Haryana
Rohtak,28.9010899,76.5801935,Haryana
Sonipat,28.9953758,77.0233627,Haryana
Sirsa,29.5372849,75.0377649,Haryana
Yamunanagar,30.1231349,77.286329,Haryana
Chamba,32.5565043,76.1249971,Himachal Pradesh
Kangra,32.1031646,76.2723559,Himachal Pradesh
Hamirpur,25.93448625,80.03137142,Himachal Pradesh
Kullu,31.9578974,77.1089232,Himachal Pradesh
Mandi,31.7084496,76.9293782,Himachal Pradesh
Shimla,31.1041526,77.1709729,Himachal Pradesh
Sirmaur,24.8352502,81.3650597,Himachal Pradesh
Bokaro,23.6544338,86.1456444,Jharkhand
Solan,30.9077569,77.1023645,Himachal Pradesh
Una,-15.2724926,-39.24688538,Himachal Pradesh
Chatra,24.2056663,84.8707742,Jharkhand
Deoghar,24.4898318,86.6990182,Jharkhand
Dhanbad,23.7952809,86.4309638,Jharkhand
Dumka,24.2677937,87.2485495,Jharkhand
Garhwa,24.1600361,83.8075433,Jharkhand
Giridih,24.1862602,86.3087238,Jharkhand
Gumla,23.0426077,84.5422286,Jharkhand
Godda,24.8269822,87.212476,Jharkhand
Jamtara,23.9630448,86.8027604,Jharkhand
Hazaribagh,23.9924352,85.3616252,Jharkhand
Khunti,23.0770961,85.2800459,Jharkhand
Latehar,23.74423,84.499839,Jharkhand
Lohardaga,23.433053,84.679921,Jharkhand
Pakur,35.2648058,74.3167591,Jharkhand
Ramgarh,23.6303213,85.5215878,Jharkhand
Ranchi,23.3700501,85.3250387,Jharkhand
Bagalkot,16.1853166,75.6967919,Karnataka
Simdega,22.611621,84.5006635,Jharkhand
Sahebganj,26.2979358,84.9280071,Jharkhand
Ballari,15.1433952,76.9193876,Karnataka
Belagavi,15.8572666,74.5069343,Karnataka
Bidar,43.4391702,-1.5898909,Karnataka
Chikkamagaluru,13.318014,75.7738743,Karnataka
Chitradurga,14.2266443,76.4005122,Karnataka
Gadag,15.4263647,75.6300786,Karnataka
Dharwad,15.4540505,75.0066516,Karnataka
Davanagere,14.4661266,75.9206361,Karnataka
Hassan,13.0070817,76.0992703,Karnataka
Kodagu,12.2335192,76.2818865,Karnataka
Kolar,13.1367201,78.1337246,Karnataka
Haveri,14.7874825,75.3996731,Karnataka
Kalaburagi,17.3310003,76.8334228,Karnataka
Koppal,15.3484144,76.1547421,Karnataka
Mysuru,12.3051828,76.6553609,Karnataka
Mandya,12.5238888,76.8961961,Karnataka
Raichur,16.1983225,77.3527444,Karnataka
Ramanagara,12.7252766,77.2804797,Karnataka
Shivamogga,13.9326093,75.574978,Karnataka
Tumakuru,13.3400771,77.1006208,Karnataka
Udupi,13.3419169,74.7473232,Karnataka
Vijayapura,16.8269911,75.7175387,Karnataka
Vijayanagara,12.3176836,76.5927692,Karnataka
Yadgir,16.7670964,77.1403984,Karnataka
Ernakulam,9.98408,76.2741457,Kerala
Idukki,9.8497872,76.9797914,Kerala
Alappuzha,9.4980001,76.333482,Kerala
Kasaragod,12.5035577,74.9907022,Kerala
Kannur,11.8763836,75.3737973,Kerala
Kollam,8.8879509,76.5955013,Kerala
Kottayam,9.591564,76.5221599,Kerala
Kozhikode,11.2450558,75.7754716,Kerala
Malappuram,11.0428925,76.0807838,Kerala
Palakkad,10.7681928,76.6521319,Kerala
Thiruvananthapuram,8.4882267,76.947551,Kerala
Pathanamthitta,9.2655337,76.7871514,Kerala
Thrissur,10.5256264,76.2132542,Kerala
Alirajpur,22.3031314,74.3546218,Madhya Pradesh
Ashoknagar,24.576189,77.7302895,Madhya Pradesh
Anuppur,23.1184595,81.6992038,Madhya Pradesh
Betul,21.8998192,77.8959149,Madhya Pradesh
Barwani,22.0333621,74.8978374,Madhya Pradesh
Balaghat,21.8133417,80.1916685,Madhya Pradesh
Bhind,26.5652355,78.7889864,Madhya Pradesh
Chhindwara,22.0578244,78.9386203,Madhya Pradesh
Chhatarpur,24.9157174,79.5853488,Madhya Pradesh
Bhopal,23.2584857,77.401989,Madhya Pradesh
Burhanpur,21.3118839,76.2291992,Madhya Pradesh
Damoh,23.8395678,79.4444361,Madhya Pradesh
Datia,25.6650399,78.4586499,Madhya Pradesh
Dhar,22.5972396,75.306565,Madhya Pradesh
Dindori,22.9446796,81.0774969,Madhya Pradesh
Guna,24.6476632,77.3161782,Madhya Pradesh
Dewas,22.96363,76.054867,Madhya Pradesh
Hoshangabad,22.7545538,77.7198249,Madhya Pradesh
Gwalior,26.2037247,78.1573628,Madhya Pradesh
Indore,22.7203616,75.8681996,Madhya Pradesh
Harda,22.3388828,77.0929933,Madhya Pradesh
Jabalpur,23.1608938,79.9497702,Madhya Pradesh
Jhabua,22.7696741,74.591217,Madhya Pradesh
Khargone,21.825599,75.614182,Madhya Pradesh
Mandla,22.597808,80.3720781,Madhya Pradesh
Katni,23.8339621,80.392456,Madhya Pradesh
Khandwa,21.8203752,76.3555424,Madhya Pradesh
Neemuch,24.4650023,74.8689508,Madhya Pradesh
Morena,26.4909914,77.9813656,Madhya Pradesh
Narsinghpur,22.9467047,79.1980228,Madhya Pradesh
Niwari,25.3512427,78.7993878,Madhya Pradesh
Mandsaur,24.0682898,75.0742388,Madhya Pradesh
Panna,24.7196026,80.1860748,Madhya Pradesh
Raisen,23.330111,77.7842511,Madhya Pradesh
Rajgarh,24.0051159,76.733677,Madhya Pradesh
Ratlam,23.3311044,75.0360846,Madhya Pradesh
Rewa,24.5359,81.2934,Madhya Pradesh
Satna,24.5751308,80.8325721,Madhya Pradesh
Seoni,22.0910049,79.5507791,Madhya Pradesh
Sagar,23.8417793,78.7466817,Madhya Pradesh
Shahdol,23.3002343,81.364771,Madhya Pradesh
Sehore,23.2049201,77.0845745,Madhya Pradesh
Shajapur,23.4240705,76.2838697,Madhya Pradesh
Sheopur,25.6656611,76.6954843,Madhya Pradesh
Sidhi,24.4108921,81.8794694,Madhya Pradesh
Singrauli,24.1974432,82.6661453,Madhya Pradesh
Shivpuri,25.4235256,77.6551422,Madhya Pradesh
Tikamgarh,24.7428616,78.8322022,Madhya Pradesh
Ujjain,23.1885131,75.7716562,Madhya Pradesh
Vidisha,23.5208128,77.8063184,Madhya Pradesh
Ahmednagar,19.092952,74.7493451,Maharashtra
Umaria,23.5246558,80.8361408,Madhya Pradesh
Akola,20.7116604,77.002632,Maharashtra
Amravati,20.9316219,77.7588455,Maharashtra
Beed,18.9904059,75.7542291,Maharashtra
Bhandara,21.1706698,79.65658,Maharashtra
Buldhana,20.53208,76.179911,Maharashtra
Chandrapur,19.9508161,79.2986673,Maharashtra
Dhule,20.898,74.7732,Maharashtra
Gondia,21.455228,80.1962729,Maharashtra
Hingoli,19.7158472,77.1388362,Maharashtra
Jalgaon,20.9968453,75.5683795,Maharashtra
Gadchiroli,20.1853965,80.003509,Maharashtra
Jalna,47.1095476,24.5559788,Maharashtra
Kolhapur,16.7028412,74.2405329,Maharashtra
Mumbai Suburban,19.054999,72.8692035,Maharashtra
Latur,18.3983393,76.562087,Maharashtra
Mumbai City,18.9733536,72.82810492,Maharashtra
Nanded,20.739199,79.78100431,Maharashtra
Osmanabad,18.1853567,76.0420253,Maharashtra
Nagpur,21.1498134,79.0820556,Maharashtra
Nashik,20.0112475,73.7902364,Maharashtra
Nandurbar,21.363778,74.2411418,Maharashtra
Palghar,19.6978751,72.7686942,Maharashtra
Parbhani,19.262469,76.7718,Maharashtra
Pune,18.521428,73.8544541,Maharashtra
Ratnagiri,16.9933521,73.2954371,Maharashtra
Sangli,16.8502534,74.5948885,Maharashtra
Satara,17.688321,74.0041726,Maharashtra
Wardha,20.7464941,78.5997922,Maharashtra
Solapur,17.6699734,75.9008118,Maharashtra
Thane,19.1943294,72.9701779,Maharashtra
Yavatmal,20.390344,78.1328518,Maharashtra
Washim,20.1029211,77.1353872,Maharashtra
Churachandpur,24.3468839,93.6994143,Manipur
Bishnupur,23.0758821,87.3146517,Manipur
Chandel,20.2450556,82.8438771,Manipur
Jiribam,24.8087217,93.1143992,Manipur
Kamjong,27.0529479,90.8278454,Manipur
Senapati,25.2726634,94.0267486,Manipur
Kakching,24.4974827,93.9835543,Manipur
Kangpokpi,25.1524326,93.9714932,Manipur
Pherzawl,24.2595653,93.1906004,Manipur
Noney,24.8625867,93.6237454,Manipur
Tamenglong,24.9858596,93.5039967,Manipur
Thoubal,24.6386954,93.996871,Manipur
Tengnoupal,24.3847802,94.1472634,Manipur
Ukhrul,25.0982654,94.363167,Manipur
Aizawl,23.7435236,92.7382905,Mizoram
Hnahthial,22.9652689,92.9284572,Mizoram
Champhai,23.4787183,93.3198879,Mizoram
Kolasib,24.2264657,92.6773489,Mizoram
Khawzawl,23.5216539,93.1861639,Mizoram
Lawngtlai,22.5280366,92.898086,Mizoram
Lunglei,22.8931695,92.7470391,Mizoram
Saiha,24.151651,47.3101974,Mizoram
Saitual,23.6929995,92.965428,Mizoram
Mamit,23.9160087,92.4935815,Mizoram
Serchhip,23.3095426,92.857116,Mizoram
Dimapur,25.911744,93.721703,Nagaland
Kiphire,25.88673,94.7863485,Nagaland
Kohima,25.6618755,94.1019156,Nagaland
Longleng,26.870439,95.5152609,Nagaland
Mon,50.4549568,3.951958,Nagaland
Mokokchung,26.3238761,94.5214104,Nagaland
Noklak,26.2002677,95.0208592,Nagaland
Peren,44.3865268,23.5602562,Nagaland
Phek,25.7098345,94.4633429,Nagaland
Shamator,26.0714153,94.8745224,Nagaland
Tseminyu,25.9230149,94.2223513,Nagaland
Tuensang,26.2393314,94.8146931,Nagaland
Zunheboto,26.0150293,94.5288731,Nagaland
Wokha,26.0962958,94.2544489,Nagaland
Angul,20.8382426,85.0973949,Odisha
Balangir,20.7041466,83.4902894,Odisha
Bargarh,21.3335004,83.6190492,Odisha
Balasore,21.5017098,86.9216712,Odisha
Bhadrak,21.0633288,86.5053731,Odisha
Boudh,20.8415619,84.3213321,Odisha
Cuttack,20.4686,85.8792,Odisha
Deogarh,21.5370786,84.7301184,Odisha
Gajapati,16.0276627,74.5954298,Odisha
Dhenkanal,20.6613774,85.6009626,Odisha
Ganjam,19.3886023,85.049464,Odisha
Jagatsinghpur,20.2593872,86.1660878,Odisha
Jharsuguda,21.8653634,84.0239656,Odisha
Jajpur,20.8522696,86.3385714,Odisha
Kalahandi,19.2509887,83.4206064,Odisha
Khordha,20.1727724,85.6138614,Odisha
Kendujhar,21.6376203,85.6088638,Odisha
Kendrapara,20.5042089,86.4159937,Odisha
Koraput,18.8109464,82.7141333,Odisha
Nuapada,20.8085208,82.5340241,Odisha
Nayagarh,20.1272799,85.1044062,Odisha
Puri,19.8076083,85.8252538,Odisha
Rayagada,19.1696,83.418,Odisha
Sambalpur,21.4705391,83.9761511,Odisha
Subarnapur,27.2274941,84.71486465,Odisha
Sundargarh,22.1200669,84.0372094,Odisha
Bathinda,30.206791,74.9463699,Punjab
Barnala,30.3762012,75.5435927,Punjab
Amritsar,31.6343083,74.8736788,Punjab
Faridkot,30.6729772,74.7517033,Punjab
Fatehgarh Sahib,30.6466737,76.3887563,Punjab
Ferozepur,30.6839733,76.3594033,Punjab
Fazilka,30.4032097,74.0310609,Punjab
Gurdaspur,32.0419134,75.4001677,Punjab
Hoshiarpur,31.5328523,75.9025485,Punjab
Jalandhar,31.3323762,75.576889,Punjab
Kapurthala,31.3815015,75.3843769,Punjab
Ludhiana,30.9090157,75.851601,Punjab
Mansa,-11.2006743,28.8893922,Punjab
Malerkotla,30.533129,75.8807604,Punjab
Moga,30.8223408,75.1730967,Punjab
Nawanshahr,31.1256744,76.1159294,Punjab
Mohali,30.7041168,76.7176885,Punjab
Pathankot,32.2692452,75.6528858,Punjab
Muktsar,30.4692,74.5182,Punjab
Patiala,30.3295605,76.4127819,Punjab
Rupnagar,26.6500587,86.8942184,Punjab
Sangrur,30.2432006,75.8358123,Punjab
Alwar,27.5645949,76.6132248,Rajasthan
Tarn Taran,31.4555254,74.9269621,Punjab
Ajmer,26.4691,74.639,Rajasthan
Balotra,25.834763,72.2410908,Rajasthan
Anupgarh,29.1906459,73.2113999,Rajasthan
Baran,31.9842238,49.8618436,Rajasthan
Banswara,23.550075,74.446294,Rajasthan
Barmer,25.745304,71.3998217,Rajasthan
Beawar,26.0992137,74.3127044,Rajasthan
Bharatpur,27.6879749,84.43608262,Rajasthan
Bikaner,28.0159286,73.3171367,Rajasthan
Bundi,25.4416137,75.6375815,Rajasthan
Bhilwara,25.348,74.636,Rajasthan
Churu,45.2678347,1.7706797,Rajasthan
Chittorgarh,24.8837157,74.6244155,Rajasthan
Dausa,26.893342,76.3376514,Rajasthan
Dholpur,23.3812393,76.816535,Rajasthan
Dungarpur,23.8538893,73.7087177,Rajasthan
Jaipur,26.9154576,75.8189817,Rajasthan
Hanumangarh,29.5760254,74.3342203,Rajasthan
Ganganagar,29.9049489,73.87929341,Rajasthan
Jaisalmer,26.9116615,70.9124888,Rajasthan
Jalore,25.3476006,72.6260916,Rajasthan
Jhunjhunu,28.1287995,75.3992581,Rajasthan
Jhalawar,24.5931704,76.1664528,Rajasthan
Jodhpur,26.2967719,73.0351433,Rajasthan
Karauli,26.4956,77.0275,Rajasthan
Kekri,25.974212,75.1545672,Rajasthan
Phalodi,27.1294121,72.3649644,Rajasthan
Kota,25.1737019,75.8574194,Rajasthan
Pali,48.8588897,2.320041022,Rajasthan
Nagaur,27.2000843,73.7377453,Rajasthan
Pratapgarh,25.8990129,81.9375402,Uttar Pradesh
Rajsamand,25.0585825,73.8880816,Rajasthan
Sanchore,24.7533864,71.7720096,Rajasthan
Salumbar,24.1390484,74.0461856,Rajasthan
Sawai Madhopur,26.0188919,76.3522441,Rajasthan
Shahpura,25.625258,74.9274576,Rajasthan
Sikar,27.6091864,75.1395503,Rajasthan
Sirohi,24.8858,72.8589,Rajasthan
Tonk,26.1612436,75.7858103,Rajasthan
Gangtok,27.329046,88.6122673,Sikkim
Udaipur,24.578721,73.6862571,Rajasthan
Gyalshing,27.29004,88.2573,Sikkim
Mangan,-5.792151,134.7735174,Sikkim
Namchi,27.1661262,88.3651981,Sikkim
Pakyong,27.2436107,88.5984989,Sikkim
Soreng,27.1706135,88.1993929,Sikkim
Chennai,13.0836939,80.270186,Tamil Nadu
Chengalpattu,12.6840886,79.9836371,Tamil Nadu
Cuddalore,11.7564329,79.7634644,Tamil Nadu
Ariyalur,13.1918717,80.2507423,Tamil Nadu
Coimbatore,11.0018115,76.9628425,Tamil Nadu
Dharmapuri,12.1347988,78.1589864,Tamil Nadu
Dindigul,10.365646,77.9693256,Tamil Nadu
Erode,11.3306483,77.7276519,Tamil Nadu
Kallakurichi,11.7406259,78.9637131,Tamil Nadu
Kancheepuram,12.87960515,79.70427615,Tamil Nadu
Krishnagiri,12.5188835,78.2206536,Tamil Nadu
Karur,10.9596041,78.0807797,Tamil Nadu
Madurai,9.9261153,78.1140983,Tamil Nadu
Mayiladuthurai,11.1018614,79.6503162,Tamil Nadu
Nagapattinam,10.7647952,79.8430779,Tamil Nadu
Namakkal,11.2191692,78.16787,Tamil Nadu
Perambalur,11.2356695,78.8688353,Tamil Nadu
Pudukkottai,10.3826515,78.8191259,Tamil Nadu
Ramanathapuram,9.3652354,78.8343193,Tamil Nadu
Ranipet,12.9245871,79.3341878,Tamil Nadu
Salem,44.9391565,-123.033121,Tamil Nadu
Sivaganga,9.8486881,78.4870461,Tamil Nadu
Tenkasi,8.9560546,77.3058504,Tamil Nadu
Thanjavur,10.7860267,79.1381497,Tamil Nadu
Theni,10.0108143,77.4810104,Tamil Nadu
Thoothukudi,8.8052602,78.1452745,Tamil Nadu
Tirupattur,12.490898,78.564709,Tamil Nadu
Tirunelveli,8.722388,77.710247,Tamil Nadu
Tiruchirappalli,10.804973,78.6870296,Tamil Nadu
Tiruppur,11.1017815,77.345192,Tamil Nadu
Tiruvallur,13.1394221,79.9070839,Tamil Nadu
Tiruvannamalai,12.2343228,79.0761989,Tamil Nadu
Vellore,12.9071753,79.1309695,Tamil Nadu
Viluppuram,11.9425887,79.4950625,Tamil Nadu
Adilabad,19.6759452,78.5339895,Telangana
Virudhunagar,9.58224,77.9537,Tamil Nadu
Hanamkonda,18.0068629,79.5578719,Telangana
Hyderabad,17.360589,78.4740613,Telangana
Jangaon,17.7243771,79.1570824,Telangana
Khammam,17.2465351,80.1500326,Telangana
Karimnagar,18.4348122,79.1328042,Telangana
Kamareddy,18.3222091,78.3387118,Telangana
Mahabubabad,17.595749,79.9999224,Telangana
Mancherial,18.8761795,79.4449696,Telangana
Mahabubnagar,14.2175497,78.5641223,Telangana
Medak,18.0458792,78.2651993,Telangana
Nagarkurnool,16.4870296,78.3169003,Telangana
Narayanpet,16.7477612,77.4949954,Telangana
Nalgonda,17.0504406,79.2669235,Telangana
Nizamabad,18.6732693,78.0978477,Telangana
Nirmal,19.0921749,78.3488725,Telangana
Peddapalli,12.9777737,78.2709092,Telangana
Mulugu,18.1932372,79.9413676,Telangana
Rangareddy,16.9344152,77.7788338,Telangana
Sangareddy,17.6155151,78.0817225,Telangana
Siddipet,18.1017739,78.8520128,Telangana
Suryapet,17.1405328,79.6225105,Telangana
Vikarabad,17.3379216,77.9039857,Telangana
Warangal,17.9820644,79.5970954,Telangana
Wanaparthy,16.3617799,78.0610836,Telangana
Gomati,40.395403,23.7949735,Tripura
Khowai,24.081208,91.5989065,Tripura
Agra,27.1752554,78.0098161,Uttar Pradesh
Aligarh,27.8815412,78.0690216,Uttar Pradesh
Ambedkar Nagar,28.5192116,77.2362095,Uttar Pradesh
Amethi,26.1573163,81.8055055,Uttar Pradesh
Amroha,28.90662,78.4707309,Uttar Pradesh
Auraiya,26.4645159,79.5101594,Uttar Pradesh
Ayodhya,26.7990707,82.2052321,Uttar Pradesh
Baghpat,28.943402,77.2193369,Uttar Pradesh
Bahraich,27.5752,81.5954,Uttar Pradesh
Azamgarh,26.0654351,83.184439,Uttar Pradesh
Ballia,25.7557446,84.1503303,Uttar Pradesh
Barabanki,26.9274097,81.1948375,Uttar Pradesh
Banda,47.1220366,17.7795783,Uttar Pradesh
Basti,26.7895579,82.7231355,Uttar Pradesh
Bareilly,28.355099,79.417851,Uttar Pradesh
Bhadohi,25.3941093,82.5701465,Uttar Pradesh
Budaun,28.0367001,79.1234,Uttar Pradesh
Bijnor,29.3695221,78.1371435,Uttar Pradesh
Chandauli,25.2592694,83.2667942,Uttar Pradesh
Bulandshahr,28.4056515,77.8542516,Uttar Pradesh
Chitrakoot,25.1743883,80.8691307,Uttar Pradesh
Etawah,26.7780674,79.0220015,Uttar Pradesh
Etah,78.3131833,-72.6012716,Uttar Pradesh
Deoria,26.4998975,83.7829787,Uttar Pradesh
Farrukhabad,27.3895336,79.5790994,Uttar Pradesh
Fatehpur,25.9250809,80.8009461,Uttar Pradesh
Firozabad,27.1527986,78.3991439,Uttar Pradesh
Ghazipur,25.5874162,83.5903956,Uttar Pradesh
Ghaziabad,28.6711527,77.4120356,Uttar Pradesh
Gonda,27.1334827,81.9619743,Uttar Pradesh
Gorakhpur,26.7600217,83.3668129,Uttar Pradesh
Hapur,28.7299677,77.775499,Uttar Pradesh
Hathras,27.5975888,78.0545477,Uttar Pradesh
Hardoi,27.4010619,80.1329669,Uttar Pradesh
Jalaun,26.1431896,79.3335685,Uttar Pradesh
Jaunpur,25.7472,82.689,Uttar Pradesh
Jhansi,25.4502464,78.5800085,Uttar Pradesh
Kannauj,27.0536345,79.9201719,Uttar Pradesh
Kasganj,27.8077034,78.6456226,Uttar Pradesh
Kaushambi,28.6386388,77.32621803,Uttar Pradesh
Lalitpur,27.64987875,85.31156463,Uttar Pradesh
Lucknow,26.8381,80.9346001,Uttar Pradesh
Kushinagar,26.7438272,83.9162322,Uttar Pradesh
Maharajganj,27.55417975,82.96444241,Uttar Pradesh
Mahoba,25.2886851,79.8792071,Uttar Pradesh
Mainpuri,27.2270677,79.0271702,Uttar Pradesh
Mau,31.6835463,103.8502229,Uttar Pradesh
Mathura,27.4955539,77.6855554,Uttar Pradesh
Meerut,28.9963296,77.7061915,Uttar Pradesh
Mirzapur,25.1461346,82.5689952,Uttar Pradesh
Moradabad,34.32661,47.127728,Uttar Pradesh
Pilibhit,28.6294996,79.8054072,Uttar Pradesh
Muzaffarnagar,29.4662369,77.6961699,Uttar Pradesh
Prayagraj,25.4381302,81.8338005,Uttar Pradesh
Raebareli,26.2207738,81.2465203,Uttar Pradesh
Rampur,28.8014001,79.0284337,Uttar Pradesh
Saharanpur,29.9637438,77.5427464,Uttar Pradesh
Sambhal,28.585197,78.570932,Uttar Pradesh
Shahjahanpur,27.8827491,79.9109575,Uttar Pradesh
Shamli,29.4483494,77.3087719,Uttar Pradesh
Sitapur,27.5615568,80.6840082,Uttar Pradesh
Sonbhadra,25.1249264,84.7230005,Uttar Pradesh
Sultanpur,26.2588602,82.0716893,Uttar Pradesh
Unnao,26.543584,80.487148,Uttar Pradesh
Varanasi,25.3356491,83.0076292,Uttar Pradesh
Almora,29.601699,79.6632635,Uttarakhand
Bageshwar,29.837601,79.771398,Uttarakhand
Chamoli,29.275581,79.7396064,Uttarakhand
Champawat,29.3372715,80.0920862,Uttarakhand
Dehradun,30.3255646,78.0436813,Uttarakhand
Nainital,29.3917821,79.455569,Uttarakhand
Haridwar,28.0193943,82.489104,Uttarakhand
Pithoragarh,29.585871,80.215167,Uttarakhand
Rudraprayag,30.28656,78.98072,Uttarakhand
Alipurduar,26.4851573,89.5246926,West Bengal
Uttarkashi,30.7291049,78.4403495,Uttarakhand
Bankura,23.235601,87.0660229,West Bengal
Cooch Behar,26.3223696,89.4592445,West Bengal
Darjeeling,27.0377554,88.263176,West Bengal
Hooghly,-36.9063375,143.6633281,West Bengal
Howrah,22.5736296,88.3251045,West Bengal
Jalpaiguri,26.5242688,88.7201082,West Bengal
Jhargram,22.4538505,86.9949477,West Bengal
Kalimpong,27.0702869,88.4723676,West Bengal
Kolkata,22.5414185,88.35769124,West Bengal
Malda,25.0057449,88.1398483,West Bengal
Nadia,-32.1137744,133.5081836,West Bengal
Murshidabad,24.1745993,88.2721335,West Bengal
Purba Bardhaman,23.41888815,87.85401622,West Bengal
Purba Medinipur,22.2788123,87.92250436,West Bengal
Purulia,23.3291882,86.3672378,West Bengal
Central Delhi,28.6562,77.2245,Delhi
East Delhi,28.6507,77.3027,Delhi
New Delhi,28.6139,77.209,Delhi
North Delhi,28.715,77.1647,Delhi
North East Delhi,28.7216,77.2766,Delhi
North West Delhi,28.7193,77.0676,Delhi
Shahdara,28.6758,77.2892,Delhi
South Delhi,28.4819,77.1873,Delhi
South East Delhi,28.539,77.2793,Delhi
South West Delhi,28.5916,76.934,Delhi
West Delhi,28.6663,77.1031,Delhi
